Time,Irradiance,PAR,Red,Far Red,R:FR,Blue,UVB,Temperature,Condition
8,286.9043205,166.8361318,4.096420041,4.714984132,0.868808871,33.3131019,1.072660994,11,Sun
8.05,255.1724576,166.5813765,4.051538148,3.346875336,1.210543489,33.85278662,1.087487699,10.5,Sun
8.1,329.7883896,187.097658,4.911344827,5.781188548,0.849538946,35.56243899,1.147073944,10,Sun
8.15,294.4445649,167.5555566,4.0761616,5.00353665,0.814656089,33.7084219,1.025514752,9.5,Sun
8.2,324.2989573,184.4073859,4.835648552,5.771368653,0.837868596,34.8920145,1.054828385,9,Sun
8.25,280.1396732,160.0918204,3.854678122,4.695835406,0.820871643,32.38832408,0.984990703,9,Sun
8.3,278.4199942,160.4482992,3.905534072,4.649001658,0.840080163,32.22843327,0.929217228,8.5,Sun
8.35,277.3623655,160.7854486,3.957834003,4.584064969,0.863389596,32.16069322,0.945633138,8.5,Sun
8.4,321.6837941,185.7237556,5.075802093,5.659367565,0.896885038,33.99641116,0.892069725,8.5,Sun
8.45,533.1509357,301.303535,10.0983067,10.55103568,0.957091513,43.62291317,1.053617811,8.5,Sun
8.5,481.0186233,285.8164421,9.858207442,9.15336496,1.077003647,40.59449012,0.923261359,8.5,Sun
8.55,495.0323209,284.5257207,10.01802744,9.913121694,1.010582513,39.2182154,0.887262978,8,Sun
9,230.2141106,138.287396,3.356520796,3.544315985,0.947015111,28.21339724,0.717000854,7.5,Sun
9.05,222.3177986,136.1992129,3.245762248,3.302234566,0.982898756,28.02126515,0.687608133,7.5,Sun
9.1,192.5324303,126.7095989,2.969993367,2.370672798,1.25280611,26.63292189,0.696311148,7,Sun
9.15,207.4159394,129.4919759,3.120596686,2.951218863,1.057392498,26.73641727,0.664104593,7,Sun
9.2,289.7589996,179.6385281,5.431585962,4.797865036,1.132083942,30.46193518,0.669305955,7,Sun
9.25,261.3290615,160.9197592,4.947398046,4.465687218,1.107869361,26.71590255,0.547309434,7,Sun
9.3,282.3419368,171.9141669,5.174434786,4.810421605,1.075671783,29.09056365,0.586167393,7,Sun
9.35,238.640519,147.9362174,4.228908293,3.831635609,1.103682272,26.46343825,0.563960129,7,Sun
9.4,291.0064071,176.9133906,5.563468239,5.051141439,1.101427926,28.73682726,0.594834033,7,Sun
9.45,280.896791,168.5174629,5.488940376,5.020041845,1.093405303,26.55777565,0.521907225,7,Sun
9.5,231.1197386,143.2207056,4.240375539,3.751856783,1.130207197,25.18327999,0.483962777,7,Sun
9.55,250.0968572,153.433526,4.707290801,4.238336605,1.110645812,25.68049653,0.461433648,7,Sun
10,155.8723982,103.5152143,2.472103893,1.980845432,1.248004439,21.52738702,0.352127623,6.5,Sun
10.05,201.1488486,126.5961007,3.607498955,3.148558378,1.14576213,23.01965059,0.391683598,6.5,Sun
10.1,163.4143128,105.6462417,2.706581542,2.279554866,1.187328975,20.91490529,0.339044442,6.5,Sun
10.15,141.6424081,94.82461119,2.227240606,1.76611532,1.261095797,20.00846906,0.315499291,6.5,Sun
10.2,150.7313778,98.10308071,2.473842732,2.01616867,1.227001872,19.76388878,0.315486339,6.5,Sun
10.25,246.7614593,146.1273821,5.029023735,4.594438206,1.094589482,21.68373016,0.302151564,6,Sun
10.3,253.9615961,150.2116333,5.426931605,4.870021629,1.114354723,20.94994827,0.282403752,6,Sun
10.35,261.1557866,150.8083263,5.867889112,5.382730367,1.090132463,18.60653198,0.172978405,6,Sun
10.4,321.8608214,181.970158,7.343486005,6.875811275,1.068017389,21.02261659,0.214461157,5.5,Sun
10.45,512.7786398,276.3744458,12.48986155,12.00340377,1.040526653,24.5728303,0.233707435,5,Sun
10.5,151.9697797,96.13765362,2.89863923,2.47441812,1.171442776,16.62063097,0.13266186,4.5,Sun
10.55,131.7722104,83.88366714,2.333954906,1.983219182,1.176851721,15.61047394,0.213023515,4.5,Sun
11,147.5079391,91.04804002,2.828717225,2.465279982,1.147422299,15.38639736,0.172897388,4.5,Sun
11.05,115.8876259,75.26011933,2.136916863,1.779164054,1.201079157,13.83239425,0.091021207,4,Sun
11.1,107.587338,69.69021518,2.015506478,1.699645916,1.185839038,12.6405784,0.073084984,4,Sun
11.15,102.6340967,65.62577435,1.95208459,1.670550534,1.16852771,11.69191483,0.045743597,4,Sun
11.2,91.22770786,56.91853877,1.656856141,1.386356136,1.195115814,10.46032145,0.095393107,4,Sun
11.25,85.02240209,53.73816129,1.56047512,1.303964642,1.196715824,9.776633836,0.075727689,4,Sun
11.3,75.23834443,47.63768851,1.292446967,1.085058284,1.191131377,9.109731118,0.100663085,4,Sun
11.35,64.77213821,43.44444489,1.207163929,0.978658959,1.233487845,8.092618459,0.022689234,3.5,Sun
11.4,61.3302867,39.37684438,1.121454311,0.930019409,1.205839685,7.25138071,0.045728441,3.5,Sun
11.45,52.45094544,35.23967157,1.074010179,0.901717389,1.191071828,6.162552645,0.000823675,3.5,Sun
11.5,63.74093627,36.35288775,1.412617844,1.33021202,1.06194939,5.317996496,0.003089678,3.5,Sun
11.55,49.20408946,27.85603767,1.074628831,1.037144582,1.036141777,4.181129345,0.004330288,3.5,Sun
12,28.22053585,18.84764506,0.619463822,0.554468437,1.117221074,3.189941099,0,3.5,Sun
12.05,21.40107344,13.72647441,0.471588634,0.403840592,1.167759369,2.352649219,0.00217534,3,Sun
12.1,17.14541761,9.504329407,0.330904966,0.327706714,1.009759494,1.644350277,0.007445318,3,Sun
12.15,10.0395816,5.701268906,0.204079653,0.18581881,1.098272308,0.992510976,0.003614085,3,Sun
12.2,4.318797464,2.754315022,0.095718553,0.098970817,0.96713917,0.473002302,0,3,Sun
12.25,1.879250649,1.126062648,0.050920433,0.030844693,1.650865265,0.198532453,0,2.5,Sun
12.3,0.819179843,0.330515587,0.015607116,0.005696007,2.740009676,0.052876696,0.001136721,3,Sun
12.35,0.217519695,0.031207342,0.005130265,0,0,0.001505708,0.002584284,2.5,Sun
12.4,0.699806187,0.086152457,0.013758876,0.017174827,0.8011071,0.010616289,0.000517243,2.5,Sun
12.45,0.489150635,0.038258872,0.003579363,0.001066727,3.355463704,0.003412644,0.001136721,2.5,Sun
12.5,0.064419447,0.000288245,0,0,0,0.000100307,0,2.5,Sun
12.55,0.204184094,0.00533887,0.000917644,0.000354933,2.585403727,0,0,2.5,Sun
13,2.701392306,0.218955685,0.016605777,0.014392684,1.15376515,0.026473345,0.01498681,2.5,Sun
13.05,0.120349721,0.019250135,0.006877095,0,0,0.000300921,0.000206677,2.5,Sun
13.1,0,0,0,0,0,0,0,2.5,Sun
13.15,0,0,0,0,0,0,0,2.5,Sun
13.2,0,0,0,0,0,0,0,2.5,Sun
13.25,0,0,0,0,0,0,0,2.5,Sun
13.3,0,0,0,0,0,0,0,2.5,Sun
13.35,0,0,0,0,0,0,0,2.5,Sun
13.4,0,0,0,0,0,0,0,2.5,Sun
13.45,0,0,0,0,0,0,0,2.5,Sun
13.5,0,0,0,0,0,0,0,2.5,Sun
13.55,0,0,0,0,0,0,0,2.5,Sun
14,0,0,0,0,0,0,0,2.5,Sun
14.05,0,0,0,0,0,0,0,2.5,Sun
14.1,0,0,0,0,0,0,0,2.5,Sun
14.15,0,0,0,0,0,0,0,2.5,Sun
14.2,0,0,0,0,0,0,0,2,Sun
14.25,0,0,0,0,0,0,0,2,Sun
14.3,0,0,0,0,0,0,0,2,Sun
14.35,0,0,0,0,0,0,0,2,Sun
14.4,0,0,0,0,0,0,0,2,Sun
14.45,0,0,0,0,0,0,0,2,Sun
14.5,0,0,0,0,0,0,0,2,Sun
14.55,0,0,0,0,0,0,0,2,Sun
15,0,0,0,0,0,0,0,2,Sun
15.05,0,0,0,0,0,0,0,2,Sun
15.1,0,0,0,0,0,0,0,1.5,Sun
15.15,0,0,0,0,0,0,0,1.5,Sun
15.2,0,0,0,0,0,0,0,1.5,Sun
15.25,0,0,0,0,0,0,0,1.5,Sun
15.3,0,0,0,0,0,0,0,1.5,Sun
15.35,0,0,0,0,0,0,0,1.5,Sun
15.4,0,0,0,0,0,0,0,1.5,Sun
15.45,0,0,0,0,0,0,0,1.5,Sun
15.5,0,0,0,0,0,0,0,1.5,Sun
15.55,0,0,0,0,0,0,0,1.5,Sun
16,0,0,0,0,0,0,0,1.5,Sun
16.05,0,0,0,0,0,0,0,1.5,Sun
16.1,0,0,0,0,0,0,0,1.5,Sun
16.15,0,0,0,0,0,0,0,1.5,Sun
16.2,0,0,0,0,0,0,0,1.5,Sun
16.25,0,0,0,0,0,0,0,1.5,Sun
16.3,0,0,0,0,0,0,0,1.5,Sun
16.35,0,0,0,0,0,0,0,1.5,Sun
16.4,0,0,0,0,0,0,0,1.5,Sun
16.45,0,0,0,0,0,0,0,1.5,Sun
16.5,0,0,0,0,0,0,0,1.5,Sun
16.55,0,0,0,0,0,0,0,1,Sun
17,0,0,0,0,0,0,0,1,Sun
17.05,0,0,0,0,0,0,0,1,Sun
17.1,0,0,0,0,0,0,0,1,Sun
17.17,0,0,0,0,0,0,0,1,Sun
17.2,0,0,0,0,0,0,0,1,Sun
17.25,0,0,0,0,0,0,0,1,Sun
17.3,0,0,0,0,0,0,0,1,Sun
17.35,0,0,0,0,0,0,0,1,Sun
17.4,0,0,0,0,0,0,0,1,Sun
17.45,0,0,0,0,0,0,0,1,Sun
17.5,0,0,0,0,0,0,0,1,Sun
17.55,0,0,0,0,0,0,0,1,Sun
18,0,0,0,0,0,0,0,0.5,Sun
18.05,0,0,0,0,0,0,0,0.5,Sun
18.1,0,0,0,0,0,0,0,0.5,Sun
18.18,0,0,0,0,0,0,0,0.5,Sun
18.2,0,0,0,0,0,0,0,0.5,Sun
18.25,0,0,0,0,0,0,0,0.5,Sun
18.3,0,0,0,0,0,0,0,0.5,Sun
18.35,0,0,0,0,0,0,0,0.5,Sun
18.4,0,0,0,0,0,0,0,0,Sun
18.45,0,0,0,0,0,0,0,0,Sun
18.5,0,0,0,0,0,0,0,0,Sun
18.55,0,0,0,0,0,0,0,0.5,Sun
19,0,0,0,0,0,0,0,0.5,Sun
19.05,0,0,0,0,0,0,0,0.5,Sun
19.1,0,0,0,0,0,0,0,0.5,Sun
19.19,0,0,0,0,0,0,0,0.5,Sun
19.2,0,0,0,0,0,0,0,0.5,Sun
19.25,0,0,0,0,0,0,0,0.5,Sun
19.3,0,0,0,0,0,0,0,1,Sun
19.35,0,0,0,0,0,0,0,1,Sun
19.4,0,0,0,0,0,0,0,1,Sun
19.45,0,0,0,0,0,0,0,1,Sun
19.5,0,0,0,0,0,0,0,1,Sun
19.55,0,0,0,0,0,0,0,1,Sun
20,0,0,0,0,0,0,0,1,Sun
20.05,0,0,0,0,0,0,0,1,Sun
20.1,0,0,0,0,0,0,0,1,Sun
20.2,0,0,0,0,0,0,0,1,Sun
20.2,0,0,0,0,0,0,0,1,Sun
20.25,0,0,0,0,0,0,0,0.5,Sun
20.3,0,0,0,0,0,0,0,0.5,Sun
20.35,0,0,0,0,0,0,0,0.5,Sun
20.4,0,0,0,0,0,0,0,0.5,Sun
20.45,0,0,0,0,0,0,0,0.5,Sun
20.5,0,0,0,0,0,0,0,0,Sun
20.55,0,0,0,0,0,0,0,0,Sun
21,0,0,0,0,0,0,0,0,Sun
21.05,0,0,0,0,0,0,0,0,Sun
21.1,0,0,0,0,0,0,0,0,Sun
21.21,0,0,0,0,0,0,0,0,Sun
21.2,0,0,0,0,0,0,0,0,Sun
21.25,0,0,0,0,0,0,0,0,Sun
21.3,0,0,0,0,0,0,0,0,Sun
21.35,0,0,0,0,0,0,0,0,Sun
21.4,0,0,0,0,0,0,0,0,Sun
21.45,0,0,0,0,0,0,0,0,Sun
21.5,0,0,0,0,0,0,0,0,Sun
21.55,0,0,0,0,0,0,0,0,Sun
22,0.10054211,0.013809305,0.000274467,0,3.083591331,0.000302575,0.005484646,0.5,Sun
22.05,2.595893264,0.197330422,0.013032752,0.020749505,0.628099393,0.028309185,0.051041408,0.5,Sun
22.1,3.857955462,0.3135659,0.02045382,0.042165336,0.485086137,0.055331463,0.069004637,0.5,Sun
22.22,5.357650849,0.396094628,0.023954922,0.047414095,0.505227858,0.077166985,0.080670843,0.5,Sun
22.2,3.151526806,0.257938201,0.001926502,0.034721396,0.055484567,0.05050956,0.061670097,1,Sun
22.25,4.152631671,0.323142468,0.010089126,0.05696035,0.177125413,0.037532473,0.069817289,1,Sun
22.3,6.297694349,0.553953674,0.026519916,0.048034676,0.552099409,0.09407699,0.119237801,0.5,Sun
22.35,4.743713559,0.421307521,0.019000746,0.050818472,0.373894465,0.062215172,0.087949993,0.5,Sun
22.4,3.865015535,0.334633412,0.022129003,0.031074518,0.71212699,0.057658642,0.063507039,0.5,Sun
22.45,5.11211104,0.412896885,0.020836309,0.040487122,0.514640421,0.078280283,0.097737922,0.5,Sun
22.5,6.484969264,0.540461825,0.030283911,0.055622464,0.544454683,0.108140093,0.106828661,0.5,Sun
22.55,6.293752888,0.499369278,0.024862094,0.055194781,0.450442849,0.081576637,0.090371967,0.5,Sun
23,9.932551501,0.846363605,0.05185406,0.085949363,0.603309415,0.15170835,0.15517914,0.5,Sun
23.05,7.596371652,0.669116914,0.035327647,0.070381103,0.501947902,0.117167177,0.118342202,0.5,Sun
23.1,5.606788484,0.517418485,0.021830562,0.063788119,0.342235547,0.088831262,0.09029591,0.5,Sun
23.23,5.042231748,0.446818856,0.023119673,0.044959328,0.514235279,0.087120531,0.085431569,0.5,Sun
23.2,4.35731234,0.385324572,0.016152466,0.020124515,0.802626354,0.061235525,0.051533022,0.5,Sun
23.25,5.200601148,0.399303627,0.023678526,0.049128133,0.481974882,0.081737569,0.070431808,0.5,Sun
23.3,6.823914501,0.596127277,0.03109243,0.074288669,0.418535293,0.096967982,0.091877951,0.5,Sun
23.35,5.954567355,0.517262237,0.016786275,0.060512708,0.277400816,0.096705641,0.094710523,0.5,Sun
23.4,6.527058819,0.612413945,0.032669235,0.076521603,0.426928257,0.0946634,0.105279138,0.5,Sun
23.45,7.551612386,1.091739174,0.051488656,0.092731387,0.555245179,0.19659548,0.097427356,0.5,Sun
23.5,8.456700809,1.899492281,0.080945034,0.098143559,0.824761546,0.313658491,0.074447672,0.5,Sun
23.55,8.586653552,3.092512365,0.118833817,0.137394204,0.864911429,0.530895178,0.046448778,0.5,Sun
24,15.78024858,5.871321322,0.22207843,0.252488001,0.879560335,1.010926965,0.123425896,0.5,Sun
24.05,21.64444948,9.905806169,0.370571444,0.364578098,1.016439129,1.68049719,0.077270048,0.5,Sun
24.1,50.10801912,21.17103879,0.947158136,1.039946842,0.91077553,2.968852512,0.157229923,0.5,Sun
24.24,78.25559537,32.72169539,1.760131343,1.931793356,0.911138522,3.412467329,0.096381848,0.5,Sun
24.2,29.24452864,12.12536199,0.551530322,0.5908336,0.933478261,1.537706522,0.107117458,0.5,Sun
24.25,28.21976288,11.56193894,0.428024787,0.460885266,0.928701389,1.779901752,0.17332011,0.5,Sun
24.3,38.90126083,17.96715639,0.68139571,0.674895868,1.009630881,2.666552967,0.186626502,0.5,Sun
24.35,65.23629585,31.74030389,1.323057152,1.314096205,1.006819095,4.052639045,0.15074634,0.5,Sun
24.4,193.6333038,96.3140229,4.537524151,4.517883259,1.004347366,9.672879145,0.182443367,0.5,Sun
24.45,239.3567513,125.388533,5.58959795,5.426314607,1.03009102,13.25768887,0.257624879,0.5,Sun
24.5,257.9982844,137.4382654,6.08343105,5.851294358,1.039672708,14.45362888,0.223375257,0.5,Sun
24.55,217.2876133,116.5612861,4.811304803,4.618304119,1.04179038,13.73333828,0.312951933,0.5,Sun
25,139.0739317,74.65535848,2.909902279,2.812689316,1.034562283,9.550120677,0.243124999,0.5,Sun
25.05,220.989,121.1971972,4.903196532,4.650994572,1.054225383,14.52866764,0.278693769,0.5,Sun
25.1,162.8172657,98.64792049,3.026383014,2.60923796,1.159872369,16.68116324,0.34047244,0.5,Sun
25.25,261.5930485,152.996586,5.529176455,4.949503943,1.117117295,21.15739097,0.400090927,0.5,Sun
25.2,161.1315004,101.5453243,2.800835447,2.342673077,1.195572474,18.50297488,0.371284065,0.5,Sun
25.25,215.8744578,129.4282774,4.014159442,3.660035875,1.096754125,21.13051033,0.415535457,0.5,Sun
25.3,275.678443,156.7490835,5.210769086,5.290089641,0.98500582,23.43117707,0.412069352,0.5,Sun
25.35,311.2428697,176.1330941,5.847571699,6.048645447,0.966757227,26.13498529,0.466138434,1,Sun
25.4,303.1287345,166.4634192,5.634092118,5.958800367,0.945507782,24.63238651,0.533006861,1,Sun
25.45,451.8108586,259.0439421,10.19395884,9.470737292,1.076363806,30.35596409,0.529811917,1,Sun
25.5,493.3943655,283.868459,10.73213895,10.13044133,1.059395006,35.1539592,0.613773877,1,Sun
25.55,250.1658853,137.1326428,5.721248748,5.289289114,1.08166686,14.4040444,0.288283563,1,Sun
26,78.37253465,40.72064994,1.70961076,1.544510592,1.106894811,4.423821701,0.148720909,1,Sun
26.05,74.8525558,39.07273573,1.588474015,1.390424083,1.142438508,4.533306846,0.183490253,1,Sun
26.1,163.1433055,86.95903747,3.566630446,3.31068075,1.077310292,9.589396398,0.314637312,1,Sun
26.26,426.9843667,230.8096868,9.875233737,9.613072169,1.027271362,22.27678485,0.460927152,0.5,Sun
26.2,678.0436499,389.7809548,14.84254907,14.01617881,1.058958313,47.40150344,0.93896327,0.5,Sun
26.25,158.24945,91.43922,3.62002,3.4023,1.063992005,10.43593,0.08598,0.5,Sun
26.3,149.499,87.04227,3.297,3.09243,1.066151861,10.70582,0.11216,0.5,Sun
26.35,241.66929,140.99232,5.47499,5.11644,1.070078023,16.70601,0.19071,1,Sun
26.4,389.13384,231.86032,8.76863,7.95392,1.10242874,28.58762,0.52051,1,Sun
26.45,364.69102,219.5178,7.99269,7.19206,1.111321374,28.69771,0.60308,1.5,Sun
26.5,374.23509,220.93924,7.76625,7.4987,1.035679518,30.00124,0.56899,2,Sun
26.55,539.49671,311.24142,11.78595,11.53048,1.022156059,37.30213,0.69655,2.5,Sun
27,512.97245,300.61957,11.29635,10.75581,1.050255629,36.62213,0.70029,3,Sun
27.05,710.08005,405.20545,16.87123,15.95616,1.057349011,44.97706,0.74143,3.5,Sun
27.1,673.593,389.80879,16.05197,14.82309,1.082903092,42.98672,0.72647,4,Sun
27.27,594.0769,345.8244,13.8973,12.78293,1.087176414,38.11895,0.69284,4.5,Sun
27.2,625.80846,363.16826,14.75987,13.56734,1.087897112,39.62481,0.69657,5.5,Sun
27.25,631.41598,365.15307,15.02295,13.81912,1.087113362,39.08236,0.69284,6.5,Sun
27.3,539.56804,315.70511,12.5219,11.45626,1.09301814,35.01955,0.68535,7,Sun
27.35,738.11686,422.12222,17.98024,16.55335,1.08619947,45.54374,0.7751,7.5,Sun
27.4,703.30439,403.38061,16.99114,15.6333,1.086855622,43.20438,0.76388,8,Sun
27.45,631.37134,366.28013,14.86978,13.70296,1.085150945,40.22208,0.76388,8.5,Sun
27.5,681.26464,394.77922,15.98207,14.78125,1.081239408,45.67061,0.90598,9,Sun
27.55,1084.74631,568.19435,28.77016,27.49981,1.046194865,71.32983,1.31061,9,Sun
28,1105.7847,575.26884,29.30297,28.32624,1.034481456,73.44073,1.41557,9.5,Sun
28.05,573.41356,345.66412,12.61517,11.37567,1.108960615,44.62561,0.98824,10,Sun
28.1,1213.82966,608.63302,32.28993,32.57767,0.99116757,81.76167,1.49787,10,Sun
28.28,1165.96655,595.65719,31.06784,30.56013,1.016613476,78.39296,1.50535,10,Sun
28.2,1141.03943,587.07666,30.42852,29.76937,1.022141886,75.32195,1.50161,10.5,Sun
28.25,1243.33464,618.77086,33.01918,33.66875,0.980707035,85.30304,1.58016,10.5,Sun
28.3,1061.642,563.49088,28.0209,26.59937,1.053442243,71.5681,1.46793,10.5,Sun
28.35,1310.81242,635.32469,34.4411,36.57401,0.941682359,90.66288,1.63252,10,Sun
28.4,695.6631,406.6176,15.94551,14.83283,1.07501468,49.16051,0.99573,9.5,Sun
28.45,603.19294,358.83299,13.45443,12.31825,1.092235504,44.95644,1.02566,9.5,Sun
28.5,963.09606,527.96398,24.63743,22.89341,1.076180001,64.98638,1.19773,10,Sun
28.55,1023.51118,558.9356,26.882,24.65613,1.090276536,73.57858,1.53503,10.5,Sun
29,936.73076,510.86963,24.0879,22.71273,1.060546222,62.1366,1.10417,10.5,Sun
29.05,1124.53452,586.55602,30.09213,29.08823,1.034512241,77.57129,1.33232,10.5,Sun
29.1,588.96179,348.40013,13.27457,12.36983,1.07314086,41.62923,0.68809,11.5,Sun
29.29,701.65176,417.13899,16.41506,14.84587,1.105698757,51.56344,0.89756,12,Sun
29.2,661.72676,390.93757,15.35934,14.10333,1.089057691,46.50828,0.7741,12,Sun
29.25,712.49962,417.09886,17.01785,15.57209,1.092843029,47.96943,0.74047,12.5,Sun
29.3,546.0522543,316.0560676,9.105318434,9.698702699,0.938818182,52.92908876,1.773928798,13,Sun
29.35,1819.783545,1062.785554,41.51201965,38.08871255,1.089877207,117.4319813,3.040531268,12.5,Sun
29.4,2397.3666,1390.950553,56.67232437,51.95426021,1.090811882,142.5269465,3.450162663,12,Sun
29.45,709.4254999,395.4621195,14.58287644,14.07465947,1.036108651,50.15180783,1.749869711,11.5,Sun
29.5,1418.437233,829.722924,32.13819164,29.11843882,1.080678996,94.0819367,2.610377988,12.5,Sun
29.55,2127.448965,1263.983728,49.69350685,44.16221816,1.12524934,138.0120656,3.470886265,13,Sun
30,2186.86016,1273.067223,51.48601243,46.84483417,1.100493244,132.243181,3.299695612,13,Sun
30.05,2246.271356,1282.150717,53.27851801,49.52745018,1.075737148,126.4742965,3.12850496,13,Sun
30.1,1454.606944,820.4141582,33.72313659,31.60952458,1.0552572,83.51856725,2.296315788,13,Sun
30.3,1462.631399,839.1129707,33.4967475,30.93377548,1.066381047,90.4885479,2.58761249,13.5,Sun
30.2,738.4026378,405.1587185,15.50748258,15.02271679,1.032268849,48.73391477,1.875529368,14,Sun
30.25,662.9425321,358.677599,14.16775516,13.69159898,1.034777252,40.56283801,1.464126617,13.5,Sun
30.3,425.7325383,223.7971763,8.824154191,8.541456408,1.033097141,25.72155794,1.060687804,13.5,Sun
30.35,402.6365358,206.465217,8.054046541,7.97949057,1.00934345,24.36657173,1.149500328,14,Sun
30.4,432.6614966,229.7043651,8.44287993,8.455306706,0.998530299,30.14790523,1.289024403,13.5,Sun
30.45,681.8761906,380.3991008,14.07321536,13.69035216,1.019823585,48.3931669,1.679479101,12.5,Sun
30.5,422.4501096,234.5363049,7.972074738,7.515331547,1.064160442,34.24766971,1.469399075,12,Sun
30.55,552.1631501,307.4677029,11.02264505,10.60284186,1.041992014,41.3204183,1.574439088,11,Sun
31,442.2636835,262.6073928,7.890102935,7.051172523,1.118977434,44.12876769,1.789297822,10.5,Sun
31.05,931.0908846,531.0938365,19.70355078,18.92539762,1.041116872,66.63842858,2.0699338,11.5,Sun
31.1,884.2087039,490.9555969,18.83329646,18.19445078,1.035112117,58.06408772,1.940558924,12.5,Sun
31.31,910.3691903,505.6340579,19.96550016,18.97593281,1.052148548,56.66159896,1.883681796,13,Sun
8,72.106,34.532,1.322,1.669,0.792,4.093,0.076,12,Shade
8.05,150.84,79.75,3.134,3.47,0.903,8.991,0.222,12,Shade
8.1,212.634,114.151,4.536,4.875,0.931,12.553,0.26,10,Shade
8.15,691.88,381.38,16.197,16.44,0.985,35.242,0.577,9,Shade
8.2,1829.916,1014.967,44.353,44.015,1.008,87.221,1.35,9,Shade
8.25,322.678,171.688,7.038,7.549,0.932,17.357,0.327,9.5,Shade
8.3,1740.352,961.16,42.466,41.943,1.012,80.54,1.19,10.5,Shade
8.35,120.442,64.222,2.433,2.715,0.896,7.832,0.161,10,Shade
8.4,204.99,114.952,4.474,4.619,0.969,13.074,0.233,10,Shade
8.45,1444.528,786.625,34.419,35.395,0.972,66.503,1.014,9.5,Shade
8.5,1522.433,832.519,36.815,37.335,0.986,69.216,0.974,9.5,Shade
8.55,1154.041,617.92,27.371,28.583,0.958,51.906,0.728,10.5,Shade
9,1121.645,608.917,26.908,27.441,0.981,51.453,0.77,12,Shade
9.05,529.489,265.561,11.214,13.303,0.843,25.023,0.451,12.5,Shade
9.1,289.007,128.329,5.038,7.656,0.658,13.822,0.229,12.5,Shade
9.15,289.775,131.762,5.216,7.593,0.687,13.851,0.229,11.5,Shade
9.2,150.635,74.482,2.99,3.637,0.822,7.839,0.117,11.5,Shade
9.25,165.194,84.939,3.458,3.909,0.885,8.884,0.143,11,Shade
9.3,83.772,42.144,1.631,1.997,0.817,4.902,0.053,10.5,Shade
9.35,76.726,39.105,1.518,1.762,0.861,4.681,0.091,9.5,Shade
9.4,97.152,56.392,1.93,2.026,0.952,7.87,0.104,9,Shade
9.45,122.172,60.309,2.071,2.816,0.736,8.267,0.176,8.5,Shade
9.5,103.904,50.617,1.591,2.356,0.675,7.615,0.121,8,Shade
9.55,99.485,48.505,1.496,2.256,0.663,7.42,0.135,7.5,Shade
10,155.106,77.806,2.876,3.663,0.785,9.408,0.123,7.5,Shade
10.05,169.274,86.481,3.356,4.03,0.833,9.748,0.136,7.5,Shade
10.1,42.795,18.355,0.578,0.967,0.598,2.818,0.078,7.5,Shade
10.15,132,69.933,2.774,3.11,0.892,7.793,0.083,7.5,Shade
10.2,104.681,55.713,2.161,2.364,0.914,6.58,0.103,7.5,Shade
10.25,69.499,40.038,1.334,1.484,0.899,5.704,0.048,7.5,Shade
10.3,53.822,29.651,0.857,0.992,0.863,4.993,0.079,7.5,Shade
10.35,55.125,30.793,0.892,1.042,0.856,5.03,0.065,7,Shade
10.4,57.149,29.568,0.867,1.101,0.787,4.846,0.106,6.5,Shade
10.45,88.157,46.612,1.719,2.063,0.833,5.728,0.021,6.5,Shade
10.5,145.128,71.674,3.079,3.634,0.847,6.769,0.075,6.5,Shade
10.55,125.609,62.298,2.776,3.251,0.854,5.477,0.005,6.5,Shade
11,79.081,40.725,1.728,2.008,0.861,4.112,0.023,7,Shade
11.05,53.128,28.921,1.102,1.202,0.917,3.674,0.034,7,Shade
11.1,36.497,20.284,0.7,0.787,0.89,2.893,0.019,7,Shade
11.15,49.846,26.237,1.066,1.172,0.909,3.023,0.019,6.5,Shade
11.2,30.548,15.7,0.607,0.705,0.861,1.964,0.003,6.5,Shade
11.25,24.467,14.128,0.461,0.509,0.906,2.14,0.003,6.5,Shade
11.3,23.209,12.959,0.412,0.459,0.896,2.043,0.023,6,Shade
11.35,20.933,12.524,0.416,0.457,0.908,1.845,0.003,6,Shade
11.4,19.533,10.589,0.349,0.388,0.9,1.628,0.014,6,Shade
11.45,18.01,9.274,0.32,0.375,0.853,1.391,0.019,5.5,Shade
11.5,14.656,7.706,0.283,0.327,0.863,1.094,0.005,5.5,Shade
11.55,11.873,6.082,0.211,0.27,0.781,0.884,0.005,5.5,Shade
12,17.037,6.76,0.367,0.541,0.678,0.579,0.003,5.5,Shade
12.05,14.023,4.214,0.21,0.332,0.631,0.485,0.03,5,Shade
12.1,10.764,3.102,0.156,0.256,0.609,0.355,0.021,5,Shade
12.15,7.198,1.884,0.065,0.145,0.45,0.294,0.029,5,Shade
12.2,6.057,1.248,0.059,0.121,0.485,0.209,0.033,5,Shade
12.25,0.81,0.257,0.003,0.048,0.067,0.037,0,5,Shade
12.3,0.399,0.059,0.001,0.007,0.142,0.006,0,4.5,Shade
12.35,1.318,0.116,0.005,0.03,0.16,0.011,0,4.5,Shade
12.4,0.424,0.033,0.002,0.02,0.082,0.007,0,4.5,Shade
12.45,0.817,0.061,0.002,0.03,0.08,0.01,0.001,4.5,Shade
12.5,2.502,0.211,0.003,0.048,0.059,0.027,0.003,4,Shade
12.55,0.367,0.026,0,0.015,0.006,0.002,0,4,Shade
13,1.363,0.099,0,0.041,0.0089,0.016,0.004,4,Shade
13.05,1.002,0.062,0,0.028,0,0.009,0.002,4,Shade
13.1,0,0,0,0,0,0,0,3.5,Shade
13.15,0,0,0,0,0,0,0,3.5,Shade
13.2,0,0,0,0,0,0,0,3.5,Shade
13.25,0,0,0,0,0,0,0,3.5,Shade
13.3,0,0,0,0,0,0,0,3.5,Shade
13.35,0,0,0,0,0,0,0,3,Shade
13.4,0,0,0,0,0,0,0,3,Shade
13.45,0,0,0,0,0,0,0,3,Shade
13.5,0,0,0,0,0,0,0,3,Shade
13.55,0,0,0,0,0,0,0,3,Shade
14,0,0,0,0,0,0,0,3,Shade
14.05,0,0,0,0,0,0,0,3,Shade
14.1,0,0,0,0,0,0,0,3,Shade
14.15,0,0,0,0,0,0,0,3,Shade
14.2,0,0,0,0,0,0,0,3,Shade
14.25,0,0,0,0,0,0,0,3,Shade
14.3,0,0,0,0,0,0,0,3.5,Shade
14.35,0,0,0,0,0,0,0,3.5,Shade
14.4,0,0,0,0,0,0,0,3.5,Shade
14.45,0,0,0,0,0,0,0,3.5,Shade
14.5,0,0,0,0,0,0,0,3.5,Shade
14.55,0,0,0,0,0,0,0,3,Shade
15,0,0,0,0,0,0,0,3,Shade
15.05,0,0,0,0,0,0,0,3,Shade
15.1,0,0,0,0,0,0,0,3,Shade
15.15,0,0,0,0,0,0,0,3,Shade
15.2,0,0,0,0,0,0,0,3,Shade
15.25,0,0,0,0,0,0,0,3,Shade
15.3,0,0,0,0,0,0,0,3.5,Shade
15.35,0,0,0,0,0,0,0,3.5,Shade
15.4,0,0,0,0,0,0,0,3.5,Shade
15.45,0,0,0,0,0,0,0,3.5,Shade
15.5,0,0,0,0,0,0,0,3.5,Shade
15.55,0,0,0,0,0,0,0,3.5,Shade
16,0,0,0,0,0,0,0,3.5,Shade
16.05,0,0,0,0,0,0,0,3.5,Shade
16.1,0,0,0,0,0,0,0,3.5,Shade
16.15,0,0,0,0,0,0,0,3.5,Shade
16.2,0,0,0,0,0,0,0,3.5,Shade
16.25,0,0,0,0,0,0,0,3.5,Shade
16.3,0,0,0,0,0,0,0,3.5,Shade
16.35,0,0,0,0,0,0,0,3.5,Shade
16.4,0,0,0,0,0,0,0,3.5,Shade
16.45,0,0,0,0,0,0,0,3.5,Shade
16.5,0,0,0,0,0,0,0,3.5,Shade
16.55,0,0,0,0,0,0,0,3.5,Shade
17,0,0,0,0,0,0,0,3.5,Shade
17.05,0,0,0,0,0,0,0,3.5,Shade
17.1,0,0,0,0,0,0,0,3.5,Shade
17.17,0,0,0,0,0,0,0,3.5,Shade
17.2,0,0,0,0,0,0,0,3.5,Shade
17.25,0,0,0,0,0,0,0,4,Shade
17.3,0,0,0,0,0,0,0,4,Shade
17.35,0,0,0,0,0,0,0,4,Shade
17.4,0,0,0,0,0,0,0,4,Shade
17.45,0,0,0,0,0,0,0,4,Shade
17.5,0,0,0,0,0,0,0,4,Shade
17.55,0,0,0,0,0,0,0,4,Shade
18,0,0,0,0,0,0,0,4,Shade
18.05,0,0,0,0,0,0,0,3.5,Shade
18.1,0,0,0,0,0,0,0,3.5,Shade
18.18,0,0,0,0,0,0,0,3.5,Shade
18.2,0,0,0,0,0,0,0,3.5,Shade
18.25,0,0,0,0,0,0,0,3,Shade
18.3,0,0,0,0,0,0,0,3,Shade
18.35,0,0,0,0,0,0,0,3,Shade
18.4,0,0,0,0,0,0,0,3,Shade
18.45,0,0,0,0,0,0,0,2.5,Shade
18.5,0,0,0,0,0,0,0,2.5,Shade
18.55,0,0,0,0,0,0,0,2.5,Shade
19,0,0,0,0,0,0,0,2.5,Shade
19.05,0,0,0,0,0,0,0,2.5,Shade
19.1,0,0,0,0,0,0,0,2,Shade
19.19,0,0,0,0,0,0,0,2,Shade
19.2,0,0,0,0,0,0,0,2,Shade
19.25,0,0,0,0,0,0,0,2,Shade
19.3,0,0,0,0,0,0,0,2,Shade
19.35,0,0,0,0,0,0,0,1.5,Shade
19.4,0,0,0,0,0,0,0,1.5,Shade
19.45,0,0,0,0,0,0,0,1.5,Shade
19.5,0,0,0,0,0,0,0,1.5,Shade
19.55,0,0,0,0,0,0,0,1.5,Shade
20,0,0,0,0,0,0,0,1.5,Shade
20.05,0,0,0,0,0,0,0,1.5,Shade
20.1,0,0,0,0,0,0,0,1.5,Shade
20.2,0,0,0,0,0,0,0,1.5,Shade
20.2,0,0,0,0,0,0,0,1.5,Shade
20.25,0,0,0,0,0,0,0,1.5,Shade
20.3,0,0,0,0,0,0,0,1.5,Shade
20.35,0,0,0,0,0,0,0,1.5,Shade
20.4,0,0,0,0,0,0,0,1.5,Shade
20.45,0,0,0,0,0,0,0,1.5,Shade
20.5,0,0,0,0,0,0,0,1.5,Shade
20.55,0,0,0,0,0,0,0,1.5,Shade
21,0,0,0,0,0,0,0,1.5,Shade
21.05,0,0,0,0,0,0,0,1.5,Shade
21.1,0,0,0,0,0,0,0,1.5,Shade
21.21,0,0,0,0,0,0,0,1.5,Shade
21.2,0,0,0,0,0,0,0,1.5,Shade
21.25,0,0,0,0,0,0,0,1,Shade
21.3,0,0,0,0,0,0,0,1,Shade
21.35,0,0,0,0,0,0,0,1,Shade
21.4,0,0,0,0,0,0,0,1,Shade
21.45,0,0,0,0,0,0,0,1,Shade
21.5,0,0,0,0,0,0,0,1,Shade
21.55,0,0,0,0,0,0,0,1,Shade
22,1.2420486,0.106587251,0.006509486,0.010414571,0.625036382,0.016028183,0.015483659,1,Shade
22.05,2.553858542,0.265991395,0.011197187,0.021284106,0.526082059,0.057775752,0.064820944,0.5,Shade
22.1,1.855678563,0.161147391,0.009082747,0.03052503,0.297550803,0.033223675,0.048141316,0.5,Shade
22.22,2.594229094,0.232323502,0.013199745,0.006949294,1.89943691,0.048321263,0.048251544,0.5,Shade
22.2,5.818139205,0.494980515,0.031096835,0.02874954,1.081646346,0.100443445,0.109984463,0.5,Shade
22.25,9.751967423,0.875709659,0.044416728,0.069869639,0.635708567,0.170807731,0.169617274,0.5,Shade
22.3,5.474972292,0.50257519,0.030833116,0.057941369,0.532143384,0.094452029,0.081587651,0.5,Shade
22.35,5.054626828,0.4629371,0.0252297,0.035440351,0.711891951,0.069499826,0.096632053,0.5,Shade
22.4,4.742161859,0.460442927,0.022478697,0.033625455,0.668502401,0.091007143,0.086166502,0.5,Shade
22.45,4.602872584,0.416111901,0.024579358,0.021866659,1.124056408,0.08890786,0.101692874,0.5,Shade
22.5,6.213026522,0.549443654,0.032940391,0.058013843,0.567802246,0.106647601,0.104996668,0.5,Shade
22.55,2.977527641,0.243247325,0.007621682,0.020290957,0.375619627,0.04125871,0.051452551,0.5,Shade
23,3.729314016,0.333885757,0.023493617,0.023408191,1.00364942,0.055778705,0.056779846,0.5,Shade
23.05,5.771366915,0.529214425,0.029263201,0.045110335,0.648702802,0.104860537,0.104446633,0.5,Shade
23.1,2.780102721,0.276023476,0.007795014,0.024191357,0.322223108,0.039079236,0.060397238,0.5,Shade
23.23,7.248918255,0.649682352,0.037624233,0.049910743,0.753830355,0.114266251,0.127523039,0.5,Shade
23.2,6.28548954,0.52169746,0.021291822,0.051055456,0.417033243,0.097208819,0.114054614,0.5,Shade
23.25,5.839073064,0.493507875,0.037624784,0.050976368,0.738082882,0.093812709,0.117893563,0.5,Shade
23.3,4.677554206,0.377382361,0.012752497,0.030709661,0.415260093,0.07561084,0.107091818,1,Shade
23.35,6.113264834,0.561452942,0.025608883,0.060754926,0.421511219,0.103464781,0.119828332,1,Shade
23.4,5.758024425,0.539222532,0.037255798,0.060335786,0.617474309,0.093240904,0.112641498,1,Shade
23.45,3.102076466,0.366005504,0.022110813,0.011476613,1.926597354,0.061770122,0.054786382,1,Shade
23.5,6.060255596,0.829122275,0.045432199,0.049477549,0.918238678,0.151447646,0.120915726,1,Shade
23.55,10.45640281,1.589648865,0.081948095,0.128445643,0.637998245,0.288511151,0.155017639,1,Shade
24,10.61917771,1.993929495,0.090030252,0.13006461,0.692196379,0.359235881,0.158638613,0.5,Shade
24.05,10.1365741,2.656340645,0.101216416,0.133367577,0.758928202,0.472333996,0.120507884,0.5,Shade
24.1,6.943641223,2.949292036,0.091495451,0.09098868,1.005569605,0.51093953,0.038328587,0.5,Shade
24.24,13.53355105,4.328019173,0.147928632,0.186094358,0.794911966,0.786631772,0.163117984,0.5,Shade
24.2,12.44652533,4.833992402,0.147290139,0.173654081,0.848181273,0.893112654,0.080864283,0.5,Shade
24.25,12.71099365,5.544950781,0.160490435,0.184768321,0.868603635,1.041963615,0.104969938,0.5,Shade
24.3,13.36187859,6.118530678,0.165830683,0.175006021,0.947571299,1.194243478,0.079732797,0.5,Shade
24.35,15.32050607,6.946001745,0.195285679,0.221262998,0.882595288,1.3706549,0.094226889,0.5,Shade
24.4,20.28174015,7.840552317,0.217863857,0.254958723,0.854506387,1.576079582,0.161042951,0.5,Shade
24.45,17.41353203,8.061962744,0.207682141,0.231103008,0.898656158,1.663417803,0.10862398,0.5,Shade
24.5,15.91057517,8.309705974,0.196213244,0.201578568,0.973383459,1.734042776,0.093394947,0,Shade
24.55,19.50864955,9.041278827,0.225756147,0.252750314,0.893198284,1.904473253,0.146229475,0,Shade
25,19.29003642,9.276286644,0.22410549,0.250059661,0.896208086,1.982468865,0.119668226,0.5,Shade
25.05,20.62837344,9.699708283,0.225668516,0.263475176,0.856507697,2.08467099,0.14467196,0.5,Shade
25.1,21.32356681,9.975243176,0.240346412,0.296865019,0.809615133,2.187444094,0.137416785,0.5,Shade
25.25,19.06477382,10.05439149,0.230625447,0.241692841,0.954208848,2.230550768,0.094924354,0.5,Shade
25.2,22.73243015,10.58783507,0.247961204,0.279222279,0.888042335,2.359779578,0.175766867,0.5,Shade
25.25,20.03881249,10.57229327,0.231632376,0.276039184,0.839128607,2.361949958,0.104333374,0.5,Shade
25.3,25.07686302,11.25264284,0.269455845,0.321226402,0.838834677,2.522273674,0.193379295,0.5,Shade
25.35,20.14205488,10.89657518,0.241366568,0.267690001,0.901664489,2.474287228,0.111233617,0.5,Shade
25.4,23.82550516,11.35722836,0.256220001,0.310627751,0.824845816,2.573471048,0.153590193,0.5,Shade
25.45,25.49473388,11.78041246,0.265228345,0.318544016,0.832626989,2.672345956,0.194303828,0.5,Shade
25.5,23.01207542,11.62176668,0.258422347,0.315897453,0.818057709,2.640474772,0.129782152,0.5,Shade
25.55,22.28018401,10.84742362,0.238523249,0.360609867,0.661444045,2.420140716,0.096371916,0.5,Shade
26,31.98201335,12.73498384,0.307623776,0.640184598,0.48052355,2.713666118,0.124725189,0.5,Shade
26.05,37.54073926,13.97998268,0.337818399,0.840779386,0.401791962,2.85342882,0.139827185,0.5,Shade
26.1,40.69252916,14.48061181,0.37185638,0.930247477,0.399739198,2.931381994,0.180807571,1,Shade
26.26,41.40521867,14.71366116,0.37727792,0.953572446,0.395646835,2.980985754,0.188211829,1,Shade
26.2,43.76157292,15.19574533,0.399212369,0.985309703,0.405164354,3.050574864,0.209115375,1,Shade
26.25,46.37528804,15.63500142,0.410957938,1.018672817,0.403424859,3.121376477,0.208212336,1.5,Shade
26.3,47.84927407,15.98184387,0.421975453,1.100948287,0.383283628,3.161849541,0.214679384,1.5,Shade
26.35,49.26560339,16.37407691,0.436107448,1.122572997,0.388489166,3.219932827,0.214278156,2,Shade
26.4,52.34892327,16.85786382,0.441064103,1.172366348,0.37621696,3.306356159,0.273416596,2,Shade
26.45,50.05398723,17.02925962,0.450142166,1.213631947,0.370905007,3.301656885,0.204131989,2,Shade
26.5,53.41056553,18.11141219,0.499702661,1.330617511,0.375541925,3.379333113,0.211439522,2.5,Shade
26.55,57.2794262,19.32759452,0.557434598,1.450260661,0.384368557,3.457654998,0.185192146,2.5,Shade
27,57.19434323,19.36734532,0.555230599,1.449815892,0.38296628,3.505854459,0.207798982,3,Shade
27.05,54.93908442,18.77458666,0.519169392,1.399279884,0.371026124,3.479644285,0.194549911,3,Shade
27.1,61.21579516,20.69099948,0.596624062,1.49773014,0.398352177,3.698022904,0.258741731,3.5,Shade
27.27,59.88475796,19.37228957,0.526772886,1.436894748,0.36660506,3.631240737,0.258595404,4,Shade
27.2,59.00968128,19.46420389,0.518792689,1.446500249,0.358653716,3.654437567,0.240948254,4,Shade
27.25,60.36657758,19.74018024,0.525857446,1.461434148,0.359822881,3.727685128,0.271235193,4,Shade
27.3,59.1765459,19.82274286,0.538621517,1.467319471,0.367078559,3.727582617,0.243052222,4.5,Shade
27.35,62.06836228,20.34109161,0.540096636,1.487707152,0.363039618,3.81985159,0.263646855,4.5,Shade
27.4,60.64309543,20.43782479,0.555230874,1.506483031,0.368560988,3.831685065,0.254480611,4.5,Shade
27.45,63.10692124,20.92689766,0.57083661,1.528898623,0.373364592,3.913555174,0.284448441,5,Shade
27.5,59.22351329,20.75044353,0.554289256,1.498455437,0.369907067,3.886610057,0.211226507,5.5,Shade
27.55,60.4947675,20.78492325,0.554771777,1.39608301,0.397377357,3.94982416,0.303715935,5.5,Shade
28,57.04608695,20.08225453,0.533297528,1.325828677,0.402237135,3.826335999,0.265964113,5.5,Shade
28.05,113.8510261,48.98737096,1.832141406,2.780338057,0.658963539,6.256703073,0.307311832,6,Shade
28.1,75.66584363,25.77263536,0.766493756,1.830961972,0.418628987,4.443418563,0.3197477,6,Shade
28.28,542.5442175,299.0266268,12.50891575,12.45849245,1.004047304,28.9469836,0.723874012,6,Shade
28.2,73.77651619,24.18670144,0.6746205,1.764352587,0.382361499,4.39117761,0.339750136,6,Shade
28.25,71.10682589,24.10069035,0.65717865,1.754026473,0.374668604,4.414769605,0.282496587,6.5,Shade
28.3,72.05150849,24.72074796,0.683339772,1.798107834,0.380032698,4.474323603,0.288289319,6.5,Shade
28.35,86.29179455,32.25728397,1.018681635,2.174784464,0.46840579,5.152277383,0.289991507,6.5,Shade
28.4,988.1180517,562.3966336,23.74886397,22.44857308,1.057923098,52.5562604,1.131213456,7,Shade
28.45,78.39876347,27.00637666,0.764577451,1.939981394,0.394115868,4.79849804,0.328436384,7,Shade
28.5,78.86852944,27.30757968,0.762549816,1.907002974,0.399868184,4.908523563,0.353358825,7,Shade
28.55,106.0821234,42.44897348,1.403313384,2.480626963,0.565709155,6.300844508,0.373805754,7.5,Shade
29,178.7062227,84.86870608,3.218085139,4.163054878,0.773010501,10.23972611,0.442667363,7.5,Shade
29.05,92.54098672,35.80673011,1.117697634,2.276984385,0.490867501,5.715193871,0.331306433,8,Shade
29.1,116.5598199,49.23317942,1.693032353,2.806735342,0.603203419,6.952182477,0.356377957,8,Shade
29.29,90.04351562,33.75305316,0.998116212,2.138855805,0.466658953,5.697264263,0.344183762,8,Shade
29.2,84.15872404,30.43898494,0.864681396,2.009021571,0.430399259,5.408316886,0.352471494,8,Shade
29.25,84.44954418,30.96652859,0.854865635,2.00631769,0.426086875,5.505187858,0.34938595,8.5,Shade
29.3,88.53108995,34.56906112,0.992896112,2.105404786,0.471593928,5.916500453,0.321876745,8.5,Shade
29.35,90.34493028,32.92133779,0.933142879,2.133501228,0.437376302,5.842177071,0.385437788,8.5,Shade
29.4,94.96571979,36.31923955,1.066127415,2.281785344,0.467233878,6.141103895,0.367442595,8.5,Shade
29.45,115.7970036,48.05475965,1.543611792,2.745247954,0.562285017,7.331732462,0.396741895,8.5,Shade
29.5,202.8203592,97.98562247,3.641087913,4.715569471,0.772141718,12.01486804,0.520238047,8.5,Shade
29.55,99.68773895,36.50591316,1.050807444,2.368084395,0.443737329,6.284556188,0.413211815,8.5,Shade
30,96.66133478,35.05308061,1.017856857,2.291846636,0.444120842,6.033379923,0.453014419,8.5,Shade
30.05,132.5491116,52.2309779,1.734140052,3.278369393,0.528964203,7.599645949,0.42207576,8.5,Shade
30.1,167.0265039,71.8724574,2.554862439,4.099708503,0.623181486,9.489356707,0.475461702,9,Shade
30.3,125.3206477,46.88223375,1.468456743,3.218646748,0.456234206,7.178513461,0.377326145,9,Shade
30.2,130.6577122,48.36502861,1.523530819,3.314795178,0.459615372,7.443691652,0.439141735,9,Shade
30.25,196.8931011,86.17962703,3.231505063,4.939257199,0.654249198,10.5330068,0.453939228,9.5,Shade
30.3,136.3105026,50.58481649,1.600441241,3.525614119,0.453946798,7.647556614,0.41574319,9.5,Shade
30.35,135.1690885,48.92200356,1.47488907,3.360718992,0.43886117,7.803306164,0.483099366,10,Shade
30.4,130.7574479,47.27338325,1.424526945,3.345478936,0.42580658,7.49278616,0.452388603,10,Shade
30.45,1034.439951,575.3302234,24.39098719,24.3637384,1.001118416,53.1264486,1.175185141,10.5,Shade
30.5,537.1148422,279.2234601,11.69018573,13.01582592,0.898151666,26.91154049,0.763296056,10.5,Shade
30.55,387.1273009,189.8564772,7.708253395,9.47259248,0.813742744,19.52940374,0.665763444,10.5,Shade
31,548.0255295,285.1582567,11.72972186,13.15816546,0.89144052,28.19866774,0.807269394,10.5,Shade
31.05,211.6899261,88.12689144,3.234278387,5.418167919,0.596932106,10.94157115,0.506154553,11,Shade
31.1,324.5689718,153.1515212,6.121722316,8.082371644,0.757416583,16.33169499,0.600737477,12,Shade
31.31,2317.548541,1316.545805,58.39176815,55.13923526,1.058987631,118.9896899,2.121119096,12,Shade